﻿{
    "0" : {
        "position": [0, 0 ,0],
        "dimension": [3, 3, 3],
        "color": [1, 0.8, 1, 1],
        "puzzle type": "none",
        "unlock on start": [1]
    },
    "1" : {
        "position" : [-1,0,0],
        "dimension": [ 1, 1, 1 ],
        "color": [ 0.2, 0.4, 0.6, 1 ],
        "puzzle type": "revolution solid",

        "levelNum":1
    },
    "2" : {
        "position" : [-2,0,0],
        "dimension": [ 1, 1, 1 ],
        "color": [ 0.2, 0.4, 0.6, 1 ],
        "puzzle type": "revolution solid",

        "levelNum":2
    }
}
